Post URL,Image URL,Likes,Comments,Caption,Date
https://www.instagram.com/p/DDzp8ACvY_j/,https://instagram.fsin4-1.fna.fbcdn.net/v/t51.2885-15/470912038_18495587536042070_7878823487954801121_n.jpg?stp=dst-jpg_e15_tt6&efg=eyJ2ZW5jb2RlX3RhZyI6ImltYWdlX3VybGdlbi4xMTc5eDk3Mi5zZHIuZjc1NzYxLmRlZmF1bHRfaW1hZ2UifQ&_nc_ht=instagram.fsin4-1.fna.fbcdn.net&_nc_cat=1&_nc_ohc=HLaFp6XHh4cQ7kNvgFVINYi&_nc_gid=8471415b8232491fa5964ebb311962a0&edm=AEhyXUkBAAAA&ccb=7-5&ig_cache_key=MzUyNzM0NzM3NjI4Mjc2NzMzMQ%3D%3D.3-ccb7-5&oh=00_AYAuLFV12tanQF3jSVUZzSuVmBfHQK9ADdL1S0HgNwCvxg&oe=676B5CB2&_nc_sid=8f1549,5789,185,No caption,2024-12-20 16:36:36
https://www.instagram.com/p/DDzk26Qvyk7/,https://instagram.fsin4-1.fna.fbcdn.net/v/t51.2885-15/470936738_18495580405042070_7941627816482824636_n.jpg?stp=dst-jpg_e15_tt6&efg=eyJ2ZW5jb2RlX3RhZyI6ImltYWdlX3VybGdlbi4xMDgxeDEyOTEuc2RyLmY3NTc2MS5kZWZhdWx0X2ltYWdlIn0&_nc_ht=instagram.fsin4-1.fna.fbcdn.net&_nc_cat=1&_nc_ohc=Nq5lRD7PmJIQ7kNvgHNTW2E&_nc_gid=8471415b8232491fa5964ebb311962a0&edm=AEhyXUkBAAAA&ccb=7-5&ig_cache_key=MzUyNzMyNTAzNjI0NTM2MzAwMw%3D%3D.3-ccb7-5&oh=00_AYCHsa9Qv8YELmKB9Me5p1tB0aHdMoMm0x0VnPacOYh_hw&oe=676B7EAB&_nc_sid=8f1549,10699,41,"itâ€™s just a dream, go back to sleep ðŸ˜´",2024-12-20 15:52:13
https://www.instagram.com/p/DDzapDiR9YQ/,https://instagram.fsin4-1.fna.fbcdn.net/v/t51.2885-15/470901764_18495565174042070_4079479375502900869_n.jpg?stp=dst-jpg_e15_tt6&efg=eyJ2ZW5jb2RlX3RhZyI6ImltYWdlX3VybGdlbi4xMjkweDEyMDYuc2RyLmY3NTc2MS5kZWZhdWx0X2ltYWdlIn0&_nc_ht=instagram.fsin4-1.fna.fbcdn.net&_nc_cat=1&_nc_ohc=_QEMD7XczqoQ7kNvgGnMGyP&_nc_gid=8471415b8232491fa5964ebb311962a0&edm=AEhyXUkBAAAA&ccb=7-5&ig_cache_key=MzUyNzI4MDEwMzY2NTQyMzg4OA%3D%3D.3-ccb7-5&oh=00_AYCik0ohsNlbfyaxAYuZqZGd_y5FCgrYqQ-Z_3Y49mzKdA&oe=676B64E6&_nc_sid=8f1549,12124,46,No caption,2024-12-20 14:22:56
https://www.instagram.com/p/DDzXckvR1d9/,https://instagram.fsin4-1.fna.fbcdn.net/v/t51.2885-15/470894617_18495560698042070_2489832594004819333_n.jpg?stp=dst-jpg_e15_tt6&efg=eyJ2ZW5jb2RlX3RhZyI6ImltYWdlX3VybGdlbi4xMjkweDk2Mi5zZHIuZjc1NzYxLmRlZmF1bHRfaW1hZ2UifQ&_nc_ht=instagram.fsin4-1.fna.fbcdn.net&_nc_cat=1&_nc_ohc=Hl0uT6yOVWYQ7kNvgGHGtYy&_nc_gid=8471415b8232491fa5964ebb311962a0&edm=AEhyXUkBAAAA&ccb=7-5&ig_cache_key=MzUyNzI2NjA1MTgyNDI0NDYwNQ%3D%3D.3-ccb7-5&oh=00_AYCsxzMHGaOhIq_bs-zm8G0Ft_fskXUIJJt-ud40GM-GMA&oe=676B771C&_nc_sid=8f1549,22468,53,No caption,2024-12-20 13:55:01
https://www.instagram.com/p/DDzBEz9pIvf/,https://instagram.fsin4-1.fna.fbcdn.net/v/t51.2885-15/470903032_18495533089042070_2601095600308051541_n.jpg?stp=dst-jpg_e15_tt6&efg=eyJ2ZW5jb2RlX3RhZyI6ImltYWdlX3VybGdlbi42MjN4NzQxLnNkci5mNzU3NjEuZGVmYXVsdF9pbWFnZSJ9&_nc_ht=instagram.fsin4-1.fna.fbcdn.net&_nc_cat=1&_nc_ohc=srl61bjsJwcQ7kNvgFMPsGM&_nc_gid=8471415b8232491fa5964ebb311962a0&edm=AEhyXUkBAAAA&ccb=7-5&ig_cache_key=MzUyNzE2NzY2MTg4MDY3NTI5NQ%3D%3D.3-ccb7-5&oh=00_AYCSdIfr0wx6k5d3YX4qBHLMtnvlr6coEXdzDhpTGXXY5g&oe=676B7C80&_nc_sid=8f1549,42257,51,No caption,2024-12-20 10:39:32
https://www.instagram.com/p/DDy6hbiRvuv/,https://instagram.fsin4-1.fna.fbcdn.net/v/t51.2885-15/470936088_18495525844042070_2322277212619556493_n.jpg?stp=dst-jpg_e15_tt6&efg=eyJ2ZW5jb2RlX3RhZyI6ImltYWdlX3VybGdlbi42NTB4ODEyLnNkci5mNzU3NjEuZGVmYXVsdF9pbWFnZSJ9&_nc_ht=instagram.fsin4-1.fna.fbcdn.net&_nc_cat=1&_nc_ohc=yBS6uCfyHh8Q7kNvgFBs6p7&_nc_gid=8471415b8232491fa5964ebb311962a0&edm=AEhyXUkBAAAA&ccb=7-5&ig_cache_key=MzUyNzEzODg0MjE5MTAwMjU0Mw%3D%3D.3-ccb7-5&oh=00_AYBfU2V5wKuU93hEGSy0UhrmCCt_r_utAzhPBmd2x_8L3Q&oe=676B5CAA&_nc_sid=8f1549,20023,22,No caption,2024-12-20 09:42:17
https://www.instagram.com/p/DDytN4zRWFE/,https://instagram.fsin4-1.fna.fbcdn.net/v/t51.2885-15/470944367_18495513229042070_4942616996992198210_n.jpg?stp=dst-jpg_e35_s1080x1080_sh0.08_tt6&_nc_ht=instagram.fsin4-1.fna.fbcdn.net&_nc_cat=1&_nc_ohc=VyOatM-8jXQQ7kNvgHbXsI1&_nc_gid=8471415b8232491fa5964ebb311962a0&edm=AEhyXUkBAAAA&ccb=7-5&ig_cache_key=MzUyNzA4MDMxOTg2NDIzMTIyMA%3D%3D.3-ccb7-5&oh=00_AYD4v5qRctgMAinXNBOk2cOjPlJmcBBklZW5b4coD0refw&oe=676B9063&_nc_sid=8f1549,10921,21,No caption,2024-12-20 07:46:01
https://www.instagram.com/p/DDyf0qvRMCB/,https://instagram.fsin4-1.fna.fbcdn.net/v/t51.2885-15/470894580_18495499996042070_1739703139745548949_n.jpg?stp=dst-jpg_e15_tt6&efg=eyJ2ZW5jb2RlX3RhZyI6ImltYWdlX3VybGdlbi45ODl4MTAzMS5zZHIuZjc1NzYxLmRlZmF1bHRfaW1hZ2UifQ&_nc_ht=instagram.fsin4-1.fna.fbcdn.net&_nc_cat=1&_nc_ohc=pj0BW4AMsZ4Q7kNvgEe_d2y&_nc_gid=8471415b8232491fa5964ebb311962a0&edm=AEhyXUkBAAAA&ccb=7-5&ig_cache_key=MzUyNzAyMTQxNjkyOTM0NTY2NQ%3D%3D.3-ccb7-5&oh=00_AYAYaQUKhKlWT9cljiKvB-eJTRRfWkmkgzQU9boaeXlB5g&oe=676B6BEC&_nc_sid=8f1549,15583,177,No caption,2024-12-20 05:48:59
https://www.instagram.com/p/DDyWTlcxhd1/,https://instagram.fsin4-1.fna.fbcdn.net/v/t51.2885-15/470912000_18495491002042070_5007093034202906591_n.jpg?stp=dst-jpg_e15_tt6&efg=eyJ2ZW5jb2RlX3RhZyI6ImltYWdlX3VybGdlbi4xMDUyeDEyMzkuc2RyLmY3NTc2MS5kZWZhdWx0X2ltYWdlIn0&_nc_ht=instagram.fsin4-1.fna.fbcdn.net&_nc_cat=1&_nc_ohc=XLoKJVCj2gEQ7kNvgEq9AHt&_nc_gid=8471415b8232491fa5964ebb311962a0&edm=AEhyXUkBAAAA&ccb=7-5&ig_cache_key=MzUyNjk3OTU2MTA4OTAxMzYyMQ%3D%3D.3-ccb7-5&oh=00_AYCbH-Tsjamufpu5xvYyWTdGahQDpIQa0EJXvJ7TbNteyA&oe=676B7732&_nc_sid=8f1549,41435,95,No caption,2024-12-20 04:25:49
https://www.instagram.com/p/DDyQNnkMBKI/,https://instagram.fsin4-1.fna.fbcdn.net/v/t51.2885-15/470903089_18495485053042070_1840638601856014576_n.jpg?stp=dst-jpg_e15_tt6&efg=eyJ2ZW5jb2RlX3RhZyI6ImltYWdlX3VybGdlbi4xMjkweDEyNTAuc2RyLmY3NTc2MS5kZWZhdWx0X2ltYWdlIn0&_nc_ht=instagram.fsin4-1.fna.fbcdn.net&_nc_cat=1&_nc_ohc=erOsjxoVQIsQ7kNvgE3kFl4&_nc_gid=8471415b8232491fa5964ebb311962a0&edm=AEhyXUkBAAAA&ccb=7-5&ig_cache_key=MzUyNjk1Mjc2Mjc2NDk1NjI5Ng%3D%3D.3-ccb7-5&oh=00_AYApWOHjEie3YPVScgngX4158XN02kzL3mcZyV_Y2VaJ5g&oe=676B7BF3&_nc_sid=8f1549,34795,128,No caption,2024-12-20 03:32:34
